{
    "$schema": "https://schema.management.azure.com/schemas/2015-01-01/deploymentParameters.json#",
    "contentVersion": "1.0.0.0",
    "parameters": {
        "subscriptionId": {
            "value": "1578d226-55dc-4c7e-9fef-467f322c0cdf"
        },
        "name": {
            "value": "UTSPWLFarrel202231096"
        },
        "location": {
            "value": "East US 2"
        },
        "hostingPlanName": {
            "value": "ASP-projectKuliahrg-88af"
        },
        "serverFarmResourceGroup": {
            "value": "projectKuliah-rg"
        },
        "databaseName": {
            "value": "utspwlfarrel202231096-database"
        },
        "ftpsState": {
            "value": "FtpsOnly"
        },
        "autoGeneratedDomainNameLabelScope": {
            "value": "TenantReuse"
        },
        "sku": {
            "value": "Basic"
        },
        "skuCode": {
            "value": "B1"
        },
        "workerSize": {
            "value": ""
        },
        "workerSizeId": {
            "value": ""
        },
        "numberOfWorkers": {
            "value": "1"
        },
        "linuxFxVersion": {
            "value": "NODE|22-lts"
        },
        "storageSizeGB": {
            "value": 20
        },
        "backupRetentionDays": {
            "value": 7
        },
        "geoRedundantBackup": {
            "value": "Disabled"
        },
        "vmName": {
            "value": "Standard_B1ms"
        },
        "vCores": {
            "value": 2
        },
        "storageAutogrow": {
            "value": "Enabled"
        },
        "storageIops": {
            "value": 700
        },
        "publicNetworkAccess": {
            "value": "Disabled"
        },
        "serverName": {
            "value": "utspwlfarrel202231096-server"
        },
        "serverUsername": {
            "value": "mwboounudj"
        },
        "serverPassword": {
            "value": null
        },
        "serverEdition": {
            "value": "Burstable"
        },
        "collation": {
            "value": "utf8_general_ci"
        },
        "charset": {
            "value": "utf8"
        },
        "vnetName": {
            "value": "UTSPWLFarrel202231096Vnet"
        },
        "privateEndpointSubnet": {
            "value": "UTSPWLFarrel202231096Subnet"
        },
        "subnetForApp": {
            "value": "UTSPWLFarrel202231096AppSubnet"
        },
        "subnetForDb": {
            "value": "UTSPWLFarrel202231096DbSubnet"
        },
        "privateEndpointNameForApp": {
            "value": "UTSPWLFarrel202231096AppEndpoint"
        },
        "privateEndpointNameForDb": {
            "value": ""
        },
        "privateEndpointNameForCache": {
            "value": "utspwlfarrel202231096-cache-privateEndpoint"
        },
        "privateDnsZoneNameForApp": {
            "value": "privatelink.azurewebsites.net"
        },
        "privateDnsZoneNameForDb": {
            "value": "privatelink.mysql.database.azure.com"
        },
        "privateDnsZoneNameForCache": {
            "value": "privatelink.redis.cache.windows.net"
        },
        "isVnetEnabled": {
            "value": true
        },
        "isPrivateEndpointForAppEnabled": {
            "value": false
        },
        "isCacheEnabled": {
            "value": false
        },
        "cacheName": {
            "value": "utspwlfarrel202231096-cache"
        }
    }
}